<?xml version="1.0" encoding="UTF-8"?>
<project-private xmlns="http://www.netbeans.org/ns/project-private/1">
    <editor-bookmarks xmlns="http://www.netbeans.org/ns/editor-bookmarks/2" lastBookmarkId="0"/>
    <open-files xmlns="http://www.netbeans.org/ns/projectui-open-files/2">
        <group>
            <file>file:/D:/Freelancer/Hospital/HospitalMS/src/hospitalms/HomeForm.java</file>
            <file>file:/D:/Freelancer/Hospital/HospitalMS/src/hospitalms/Admin.java</file>
            <file>file:/D:/Freelancer/Hospital/HospitalMS/src/hospitalms/Diagnosis.java</file>
            <file>file:/D:/Freelancer/Hospital/HospitalMS/src/hospitalms/Login.java</file>
            <file>file:/D:/Freelancer/Hospital/HospitalMS/src/hospitalms/Splash.java</file>
            <file>file:/D:/Freelancer/Hospital/HospitalMS/src/hospitalms/Nurse.java</file>
            <file>file:/D:/Freelancer/Hospital/HospitalMS/src/hospitalms/Doctor.java</file>
            <file>file:/D:/Freelancer/Hospital/HospitalMS/src/hospitalms/Patient.java</file>
        </group>
    </open-files>
</project-private>
